validator_count,threshold,byzantine_validators,offline_validators,available_validators,runs,valid_block_finalization_rate_mean,valid_block_finalization_rate_std,valid_block_failure_rate_mean,invalid_block_rejection_rate_mean,invalid_block_rejection_rate_std,invalid_block_acceptance_rate_mean,invalid_block_acceptance_rate_std,mean_valid_verification_time_ms,std_valid_verification_time_ms
5,3,0,0,5,13,1.0,0.0,0.0,1.0,0.0,0.0,0.0,1.315229583167074,0.013128929982722535
5,3,0,1,4,13,1.0,0.0,0.0,1.0,0.0,0.0,0.0,1.0558032372174262,0.012361858849051548
5,3,0,2,3,13,1.0,0.0,0.0,1.0,0.0,0.0,0.0,0.795288813918514,0.00958618308184386
5,3,0,3,2,13,0.0,0.0,1.0,1.0,0.0,0.0,0.0,0.5397648718943133,0.008840288781034477
7,5,0,0,7,13,1.0,0.0,0.0,1.0,0.0,0.0,0.0,1.8412762499326327,0.021191276883588062
7,5,0,1,6,13,1.0,0.0,0.0,1.0,0.0,0.0,0.0,1.5726587499020985,0.022171825191443378
7,5,0,2,5,13,1.0,0.0,0.0,1.0,0.0,0.0,0.0,1.3123005445194371,0.013485863586483888
7,5,0,3,4,13,0.0,0.0,1.0,1.0,0.0,0.0,0.0,1.0562773716092357,0.012658260771592714
