validator_count,threshold,byzantine_validators,runs,valid_block_finalization_rate_mean,valid_block_finalization_rate_std,invalid_block_rejection_rate_mean,invalid_block_rejection_rate_std,mean_valid_verification_time_ms,std_valid_verification_time_ms
3,2,0,13,1.0,0.0,1.0,0.0,0.7917665703784084,0.009126431422076992
5,3,0,13,1.0,0.0,1.0,0.0,1.3060809617038616,0.014139489565562916
7,4,0,13,1.0,0.0,1.0,0.0,1.8429895835418928,0.020549716363467967
5,3,1,13,1.0,0.0,1.0,0.0,1.3103246476254218,0.013696417429833217
7,5,2,13,1.0,0.0,1.0,0.0,1.8300850321910007,0.012205766356458241
