validator_count,threshold,byzantine_validators,runs,valid_block_finalization_rate_mean,valid_block_finalization_rate_std,invalid_block_rejection_rate_mean,invalid_block_rejection_rate_std,mean_valid_verification_time_ms,std_valid_verification_time_ms
3,2,0,13,1.0,0.0,1.0,0.0,0.8008367947462457,0.013678416436034638
5,3,0,13,1.0,0.0,1.0,0.0,1.3275292305292963,0.02222315239518586
7,4,0,13,1.0,0.0,1.0,0.0,1.8613334615040982,0.02422759931663995
5,3,1,13,1.0,0.0,1.0,0.0,1.339575384447063,0.031586575894185266
7,5,2,13,1.0,0.0,1.0,0.0,2.2548734934809125,0.1806136033400352
