validator_count,threshold,byzantine_validators,runs,valid_block_finalization_rate_mean,valid_block_finalization_rate_std,invalid_block_rejection_rate_mean,invalid_block_rejection_rate_std,mean_valid_verification_time_ms,std_valid_verification_time_ms
3,2,0,13,1.0,0.0,1.0,0.0,0.773858749832867,0.011577966407115232
5,3,0,13,1.0,0.0,1.0,0.0,1.2705641023925496,0.011481609567312133
7,4,0,13,1.0,0.0,1.0,0.0,1.7884410253547964,0.027248012280237353
5,3,1,13,1.0,0.0,1.0,0.0,1.2733794551539364,0.015820139524388977
7,5,2,13,1.0,0.0,1.0,0.0,1.785939070871861,0.030209250690522067
