synthetic_clients,validator_count,threshold,bandwidth_mbps,rtt_ms,proposal_kb,finality_record_kb,proposal_tx_ms,vote_tx_ms,network_ms,verification_ms,estimated_finality_ms
10,5,3,100.0,10.0,12.5451171875,0.97080078125,1.0276960000000002,0.079528,21.107224,2.0476699946448207,23.15489399464482
100,5,3,10.0,50.0,112.3635546875,0.97080078125,92.048224,0.79528,192.843504,18.044737998279743,210.88824199827974
100,5,3,100.0,10.0,112.3635546875,0.97080078125,9.2048224,0.079528,29.284350399999997,18.044737998279743,47.32908839827974
100,11,7,10.0,50.0,112.3635546875,1.66318359375,92.048224,1.36248,193.410704,39.2505959974369,232.6612999974369
100,11,7,100.0,10.0,112.3635546875,1.66318359375,9.2048224,0.13624799999999998,29.341070399999996,39.2505959974369,68.5916663974369
200,5,3,10.0,50.0,223.6635546875,0.97080078125,183.225184,0.79528,284.020464,35.12990000192076,319.15036400192076
200,5,3,100.0,10.0,223.6635546875,0.97080078125,18.3225184,0.079528,38.4020464,35.12990000192076,73.53194640192076
200,11,7,10.0,100.0,223.6635546875,1.66318359375,183.225184,1.36248,384.587664,77.82413000182714,462.41179400182716
