validator_count,threshold,byzantine_validators,runs,valid_block_finalization_rate_mean,valid_block_finalization_rate_std,invalid_block_rejection_rate_mean,invalid_block_rejection_rate_std,mean_valid_verification_time_ms,std_valid_verification_time_ms
3,2,0,13,1.0,0.0,1.0,0.0,0.7981373395523406,0.009589478564331394
5,3,0,13,1.0,0.0,1.0,0.0,1.326931057650281,0.0168818830937536
7,4,0,13,1.0,0.0,1.0,0.0,1.8423325324105322,0.024598959559248002
5,3,1,13,1.0,0.0,1.0,0.0,1.3203877566411393,0.016988616920391435
7,5,2,13,1.0,0.0,1.0,0.0,1.8466091024516247,0.019291990976486234
